<?xml version="1.0" encoding="UTF-8" standalone="no"?>
<BlockMap xmlns="http://schemas.microsoft.com/appx/2010/blockmap" xmlns:b4="http://schemas.microsoft.com/appx/2021/blockmap" IgnorableNamespaces="b4" HashMethod="http://www.w3.org/2001/04/xmlenc#sha256"><File Name="Assets\Square150x150Logo.scale-125.png" Size="6544" LfhSize="68"><Block Hash="+yfPPnKU0acRLrqOREjZRVCtO0I+quesv3LJ+T6KFYQ="/></File><File Name="Assets\Square150x150Logo.scale-150.png" Size="7620" LfhSize="68"><Block Hash="mwu9UmQ4Hw4BpVRBYjdqQeiv/XFiu3Bho74+fLN4YSA="/></File><File Name="Assets\Square150x150Logo.scale-200.png" Size="10429" LfhSize="68"><Block Hash="V91dssm4eODmLyKHzD1o+49yWh0L3GoMZQOoqaBqTSk="/></File><File Name="Assets\Square150x150Logo.scale-100.png" Size="5204" LfhSize="68"><Block Hash="XOvRnQ6mjY+CQsI27AIAcyQGcKTS7LxgQgsPyvlkZhY="/></File><File Name="Assets\Square150x150Logo.scale-400.png" Size="21727" LfhSize="68"><Block Hash="/FR4lS7PKEqB3wVliozcG4rR7af1cUQDIcTIwsCxtwY="/></File><File Name="Assets\Square310x310Logo.scale-100.png" Size="10897" LfhSize="68"><Block Hash="zrn13MOk79QmPY+lghzZ1pf88kPHNPPZeQKIxl+OnNs="/></File><File Name="Assets\Square310x310Logo.scale-125.png" Size="13461" LfhSize="68"><Block Hash="s87+RCNKEcN6HWHm5uBgOJvN+tHEyIDTsxhRGFoi5S0="/></File><File Name="Assets\Square310x310Logo.scale-150.png" Size="15732" LfhSize="68"><Block Hash="52FSjtQGWgqphy2FBYEEbCMMIwpQ25ff5Xdp7Vi2rGY="/></File><File Name="Assets\Square310x310Logo.scale-200.png" Size="21348" LfhSize="68"><Block Hash="5lF1p0jYwoxH4nVRakZtRa4cr5RnmnkjmSHz+Phbrc4="/></File><File Name="Assets\Square310x310Logo.scale-400.png" Size="46501" LfhSize="68"><Block Hash="+ZqUEj1Xo7njjvTF8IbEGQchl7hIEcrF6dtO1ftmUQM="/></File><File Name="Assets\Square44x44Logo.scale-100.png" Size="2075" LfhSize="66"><Block Hash="PLj+pgPZ5T0E3NU3kT+BzVAgiIvIStBSy0mZQFSSLi8="/></File><File Name="Assets\Square44x44Logo.scale-125.png" Size="2340" LfhSize="66"><Block Hash="yl5R7pUMjIMlmLYBY9OhtLnxlTy87uoJbCKkPBJ1Qzk="/></File><File Name="Assets\Square44x44Logo.scale-150.png" Size="2660" LfhSize="66"><Block Hash="VP55SknJc7PqPWFpT67ExUpfdp0J0Dt8ZXa+cvFVTlI="/></File><File Name="Assets\Square44x44Logo.scale-200.png" Size="9770" LfhSize="66"><Block Hash="qwjXPhZSyBUekhere6vh8dmIJFCqy2MPpJHwVefUq2M="/></File><File Name="Assets\Square44x44Logo.scale-400.png" Size="5963" LfhSize="66"><Block Hash="si+E7DDatklK99ejl2QJPMGEPLMywotrSY3vkGXaFYc="/></File><File Name="Assets\Square44x44Logo.targetsize-16.png" Size="1016" LfhSize="70"><Block Hash="Wa1+EJgNn76SrQ/3eAXf0+hHltQp453T87VxQ3WEGSc="/></File><File Name="Assets\Square44x44Logo.targetsize-16_altform-unplated.png" Size="1016" LfhSize="87"><Block Hash="1Gtj9+fCbTSSHec7aTmPtr2wZ/5HJlzHgC5bPVo5AlM="/></File><File Name="Assets\Square44x44Logo.targetsize-24.png" Size="1326" LfhSize="70"><Block Hash="YRd+x2o4kj0a7xsUTCFaOfVRsQzUgaB0yQ/wUvP0ACo="/></File><File Name="Assets\Square44x44Logo.targetsize-24_altform-unplated.png" Size="1326" LfhSize="87"><Block Hash="f4D32+jdU63L1u5BLV+e4PBeQ6cTs3AsZ1Ee/AkJDmw="/></File><File Name="Assets\Square44x44Logo.targetsize-256.png" Size="8665" LfhSize="71"><Block Hash="s2RtoEZw6voQwjlPMVVjJIe4whX4hmf7ippq4iCvxkY="/></File><File Name="Assets\Square44x44Logo.targetsize-256_altform-unplated.png" Size="7846" LfhSize="88"><Block Hash="8hyDWqzGhUzJQ4D2fmP79tWISTBflo8VnhvDQ1yKmB8="/></File><File Name="Assets\Square44x44Logo.targetsize-32.png" Size="1715" LfhSize="70"><Block Hash="vF5+8lza7DfoksURJsm8dvS+/tIZWQU5Ai/9kA5cQXQ="/></File><File Name="Assets\Square44x44Logo.targetsize-32_altform-unplated.png" Size="1511" LfhSize="87"><Block Hash="ifkcx/eqMJB7MQy66eLPDQ6o2TnlnquMxKo8jQIMiDw="/></File><File Name="Assets\Square44x44Logo.targetsize-48.png" Size="2270" LfhSize="70"><Block Hash="x8wmjhoEEfRhZ6uEgHYMYp7fqOBjv8K5iEZWDVEAxG8="/></File><File Name="Assets\Square44x44Logo.targetsize-48_altform-unplated.png" Size="2035" LfhSize="87"><Block Hash="4okQr13fZ8gtdgAsnqgAKurjHsarcDAMiDA+VcSFxMY="/></File><File Name="Assets\Square71x71Logo.scale-100.png" Size="3228" LfhSize="66"><Block Hash="tKb/YHjWmB03eIHE/QPhkQTnEKrmOjSrGLy9TXSfTiQ="/></File><File Name="Assets\Square71x71Logo.scale-125.png" Size="3525" LfhSize="66"><Block Hash="nyRCuMnQ4Nz0i3ci0KIJJ4hZ+hjWdEUgyUmywSDNtkA="/></File><File Name="Assets\Square71x71Logo.scale-150.png" Size="4118" LfhSize="66"><Block Hash="UZ492Fha2IS3TS9YTLOekncr55Ky4614Rk7wQY3vkEo="/></File><File Name="Assets\Square71x71Logo.scale-200.png" Size="5153" LfhSize="66"><Block Hash="YdJYKabL0P0Exl0fY+tkEaHjgd8KF5aluJKQYw4ghFU="/></File><File Name="Assets\Square71x71Logo.scale-400.png" Size="9403" LfhSize="66"><Block Hash="GlmZG+KiWt0710wnth9wdidHUABINeYo/j9oUgTAlUo="/></File><File Name="Assets\StoreLogo.scale-100.png" Size="2170" LfhSize="60"><Block Hash="ZqnVekgygfQcXFifiT53IawWvf6XtU+7isNQ/Pjr2Dw="/></File><File Name="Assets\StoreLogo.scale-125.png" Size="2603" LfhSize="60"><Block Hash="mGNXvjdow+6d5v6Cu9LJvfQuBTSoFVK2/XAGmFT3+/g="/></File><File Name="Assets\StoreLogo.scale-150.png" Size="2941" LfhSize="60"><Block Hash="biRkFJkKH8PUpbZg/3zDPhK/VAQXnkG3kW0ldRgwkbk="/></File><File Name="Assets\StoreLogo.scale-200.png" Size="3919" LfhSize="60"><Block Hash="vZ0dmZ4IEyOX2AiP8nT3Omz19J0AqHrcnuihlNSdq8s="/></File><File Name="Assets\StoreLogo.scale-400.png" Size="7020" LfhSize="60"><Block Hash="rff8qDEA5g46x4UbtzlFCExQTxdzyrWFxAqsRyjT1TM="/></File><File Name="Assets\Wide310x150Logo.scale-100.png" Size="5852" LfhSize="66"><Block Hash="SIZ6QMNt7Hn5g5y6vY7Rjd+8cY5SnBEfVwSeQF7sZa4="/></File><File Name="Assets\Wide310x150Logo.scale-125.png" Size="6841" LfhSize="66"><Block Hash="JZdVhq4R1W75n5uCsE9mfZuQxaHn8h4ax1vDAQ2pViI="/></File><File Name="Assets\Wide310x150Logo.scale-150.png" Size="8265" LfhSize="66"><Block Hash="cmNKQQhrCLnoTYeNTrCAica/TR3jXJL9rwLr4CX6RLo="/></File><File Name="Assets\Wide310x150Logo.scale-200.png" Size="11556" LfhSize="66"><Block Hash="c9vgXiMXOT9fuAlXwv5oOBmr3TOJqjxXG/n10Y/Y9mI="/></File><File Name="Assets\Wide310x150Logo.scale-400.png" Size="22785" LfhSize="66"><Block Hash="lH2UMyyngGWqR59m/BpB1Z9/Xn2dBPApOaAOiORETIs="/></File><File Name="EULA.txt" Size="8398" LfhSize="38"><Block Hash="koMkSnVP9/Ur+ttrTjfJ4nQ3uRdbvDKSh3Po2AyG+/s=" Size="3506"/></File><File Name="nvcplui.exe" Size="14127672" LfhSize="41"><Block Hash="MLVc4WzZFvzRuHDkmBPGVBbo5Du3k/7qZ1ky4DJbemc=" Size="29559"/><Block Hash="PNej2zShw5aPC7YX16OMFJX6MPe6bcFkzIZysFc8FpI=" Size="33918"/><Block Hash="k9L1puIZzGyYmnwol5YCIY7akzfU5HrOjPa6cKhE6TY=" Size="34469"/><Block Hash="WAoIkmMo6+NjJK3e+pZp1kQkT+vva1IyxGp83AD1FCI=" Size="32883"/><Block Hash="YP0V0wZ+RZydBtH4r+1IX+giV1CLTpBC3jQeXO3Q5Qs=" Size="26677"/><Block Hash="Uxg8EAyAiDN4oU906R+/qNSI9SJi1TwNsaeJV1vrp5A=" Size="31012"/><Block Hash="Ju0H/KOnjIaazjpCIhMcYPj27G3yCjF9fIW/sdATGyk=" Size="34914"/><Block Hash="JsguDmUvO2/zXdI3rRqdz/TzmAqbtqDTaCqANyInB5I=" Size="35068"/><Block Hash="jKNFl3qWHE7e9FX0uBy67mVP5UN426NEbWxdfFT8NqY=" Size="29765"/><Block Hash="7R1XZpy4Ew1dZPljPOLwbTpUjHLZNhFRQW+hWVobbws=" Size="34083"/><Block Hash="gO3YDLXT1aIEezVywhmc+hAXkjFsIDMrC45dcuLUymw=" Size="34458"/><Block Hash="/vATZ+HhIWbZenX23usXkJzAJwHDqhprB9a901+hskM=" Size="34528"/><Block Hash="qmSg/+zCf/T8uD9HhyM4Cc+kj2OxBlm5yaA0/0SWzS4=" Size="36650"/><Block Hash="Z9s4o1MH6p1a2LzByH/cHsxZAkLxZqOtfirix4+upMM=" Size="35441"/><Block Hash="o5OwAljSScaYJZCmOT3FwduGcrrQuZGP+sNmCC4RYIU=" Size="35698"/><Block Hash="Blseck+lTwzdKH4PsDgBGKj+If+LW/lHtvB9X+WE6Vw=" Size="31713"/><Block Hash="70s+bLWKSG6Fj5G92AFKZB+SUF2uxVQ7SLtarZF3V8Q=" Size="34213"/><Block Hash="1/KtOU9Q8wuTsGCJAt4YDWWCwO02e9+1ntc9kBTQI0g=" Size="33313"/><Block Hash="FbDFz09ELtNX8Ei+wLEeF/vVX8bYNXYLtTtbUzRz+To=" Size="34070"/><Block Hash="b2IDZmtvaV++O8BsW1gBbpiYCPQObXNGqoJu3lzdACY=" Size="34047"/><Block Hash="CP2CBr/juR8mivyy8+nhyLVzLAANH+VTrZxq1asK1Qg=" Size="34407"/><Block Hash="CvaSPrlslafbPzrjJf+KxoJD2VJxrP4wKhpSBejrbXY=" Size="32775"/><Block Hash="SjFSCM5ceQ9SR/qaXvhjAIbs3ekb+6axDYtDg2UMlFc=" Size="33804"/><Block Hash="PR/vhjuzC/Pbq0sDTYxCE80AyBgYB+Goc3ZweLxcGBg=" Size="31044"/><Block Hash="zgwCIOog0fP0ieh7ACVK6CgW01lKr/GpsmHmGhzV+6Y=" Size="32260"/><Block Hash="lWHw2P4VJjs4lIsFtaMCi5FXzfuPWU14MOFTZ6ApJoo=" Size="35232"/><Block Hash="QVc04L8OvAlzDzK82t2OTvyDjm2JoFjfMScSTAT3nUk=" Size="35285"/><Block Hash="dl0stAC4ZsbvuPzsZYAyyjUYFMAmTkzQ4M8/cVAmc30=" Size="35204"/><Block Hash="XDF9Xw7KFHWS1YWFUmpN5DYsFabenSr4l46vJDz1ue0=" Size="34085"/><Block Hash="DK3fOVch2KJeEpzZdVRx25XgjyBqVsemeSh8BeGgctM=" Size="32919"/><Block Hash="wS2x8ZxkYmp8Hj+AXA8BUjm3MsbbycfGToHC7jyOUaI=" Size="34667"/><Block Hash="THjrJhZiDydD8XXB0tCLzExf1+Ux+SNCq+P45XLI0fU=" Size="34537"/><Block Hash="vLted2NdN2AFHmWJjCLCxob4MoukaDVNzRVIflTeh0E=" Size="35441"/><Block Hash="+kJBtdbU1jYHDUfwRu+L4ssEeaHZST7OU7tdIIZzVl8=" Size="33917"/><Block Hash="dqsvBC1gKGOmLRiN3Ob/0vhe//WszbNWduqhvZIoNXk=" Size="33710"/><Block Hash="U/KZ8+IeqellhZSEnZJ3GyIHYu00b3mrXg0orUWJCAU=" Size="33013"/><Block Hash="PA/gFDgqv3MWYQ/gYiFr53HwhljfwbcRq3ZOvtws4M8=" Size="34640"/><Block Hash="SvsDZSIbasDkCBwBCzauCaj+l85BNvN/myV4rZEjIAM=" Size="22610"/><Block Hash="Vl0TonvgFi56N28GvgRNKq0MurSfrgWs6+hAScRQVxM=" Size="29864"/><Block Hash="XMFZJoyotiPmP2XQVIvgelb7W5RKA+Ibse8U1O3nddU=" Size="37343"/><Block Hash="Z8ck/bbzU2P9BVfTArdifJjt5EmAczjWfLhPtjLAZWA=" Size="34854"/><Block Hash="fiPOuIfVGIvbXVYJHYcONkzfX01ovZOQqK+tECfImTc=" Size="38112"/><Block Hash="VLoF+8mAUI3HuGD3Tpm++ZW0tMbh1R4QWhzS9WGrjG4=" Size="29282"/><Block Hash="aq/ima0vRwmgXJpyfp7v53a5WWjyvaUWwbMRWW+ctgI=" Size="25019"/><Block Hash="FSu8UervrTCe11jeFoLbAuA0YCy+CYMIGaqH4LB+f9Q=" Size="18333"/><Block Hash="dHWPqk9SFOEwwpyJTF3Ssb1+w+Hlvd2fs0vIrPyBMn0=" Size="15923"/><Block Hash="mhxlFodf9e1mol+e0xumFKaTzAnZOf/MuoyZ5vy3pdk=" Size="14071"/><Block Hash="qRlSMn/ys4Gg9xeD+jdTfPCkCfWD6ec44PNddUyuafI=" Size="13823"/><Block Hash="gsuYk1TvYQjlXkR9pZkAgFlc/Oq71CYt66wMRwGIIOg=" Size="12373"/><Block Hash="v5zDsXULT1CRD8v3/eyzAyIcjfYBY1wxAb3nXj2cN5w=" Size="11337"/><Block Hash="HPA+F2hho2qzyMmH5zOCCVpsXNXQx9zCP4N9cUmoTR8=" Size="11330"/><Block Hash="9bifSsaM+OWj+nY3CLSc9dFy/xu69ttXD2/QF5rVQ4I=" Size="12601"/><Block Hash="w3MN8ELal8h6YUJZon1ldKF7kYqHRNlGBoO+qarKD+8=" Size="30604"/><Block Hash="kheCSBLbWW0Edls4pfK1KKngXDJdIsd4vwjDQRM3X2k=" Size="15038"/><Block Hash="jz/8HGLDzGP7GnFVu48iraYbqg1L7pcTauk2U+wRqnc=" Size="15141"/><Block Hash="iZ3xSH//mdNZ6dL5bpj2Co1OuS4Ga09zfR5mJq/Ha7g=" Size="26540"/><Block Hash="st6mzBfSLX1DUoodumyMRDpzDyeVP326TmdVyK/adpk=" Size="27425"/><Block Hash="4r4wvaITu1C8yQzr/biO5TwpZExsbcfXx2fNQzDBONQ=" Size="28357"/><Block Hash="LX/q/VcngJGFdcUigUcIaZRQ6V3YkzoUx8dwFplVvz4=" Size="27354"/><Block Hash="rdWPAVgXGqdBRlvnOQP9WzhXjbbA9ZaVli6qJZ0vbmw=" Size="16795"/><Block Hash="yPjyUa5IY6jQoRH3IBWU5YpXyb8UeA4SR8QWswdDITA=" Size="28110"/><Block Hash="dBixqB/IIJgr2xd3G3PqdF++mub1iqo4K0MUHC3ciNI=" Size="34263"/><Block Hash="Yp5t3Z1GWMZe4EFdE2Yrb5F+2ZKFYTMyPaqL3H6NdQQ=" Size="23119"/><Block Hash="dsVBfFSQPLQ8lC7Bp8+hPi1cu0c0FjgdX3Hn93dD4+A=" Size="6801"/><Block Hash="MCce43osN1jDB4bGt9PSDUCZNe4jFUyrp6ESPZGKIEY=" Size="5982"/><Block Hash="JSd0EkQB+cS2Ysie96rajEWh/71Lr0zzjmKHqdIlZjo=" Size="8083"/><Block Hash="qV+8AfUOPZjfuxVCxiwxxg69FkUpltR9HZi5EBIcaXQ=" Size="7058"/><Block Hash="ll4rNhY1OJx7JnydgcoM8tAGv17u2xPQXbUunJO7p/w=" Size="10474"/><Block Hash="3IcITrg0qM/69140WP+B/3yAy1/SjHeQ+ri/LomP05k=" Size="13420"/><Block Hash="/5yLzYoNCKYTVIfyY0iW7fzg1cK2K1bi/18YnuYwNzQ=" Size="26909"/><Block Hash="pIRUyG1RuSxwZCLzdlVy2iyml3/P8CWieI/Met8ivBg=" Size="21238"/><Block Hash="kgMbS2uIyDjn9A3v+kTikifwi6XpiAvmJTMPYZVN/+0=" Size="11805"/><Block Hash="rOtGPqw/e+r2k6P0mNx3gW3Uxj35SqG/Nt14b6nN8Xk=" Size="1356"/><Block Hash="+Tr6tjbP4XVlm4Ct3mnaxxudmW05thEfIZNldojP/no=" Size="8894"/><Block Hash="/0lZUOmVYXfJ0iVCVlBLz7YOxcveTT7TBHe+SP830Rw=" Size="1362"/><Block Hash="Bu1fxGZPYOk4JRJzUUBe45tRgxUuHEk7TXskPUR4/6M=" Size="848"/><Block Hash="3Gp0ynlrGMoeevRtYhXo2w9O5XEwmkNin89YPnE9Ldo=" Size="6028"/><Block Hash="jmvaGdBLwtcNX+0u6hfTRWU6MDp4o6isGQuXLmOFnQM=" Size="5520"/><Block Hash="zfjD2vd3ni7/QlkQHC21ka6Ku3LSZ1HnY40mx5heXkg=" Size="382"/><Block Hash="D8pwbXouoEgyMnMuPZu3j0ovwfcXsfzdFDNhNL0P2nY=" Size="5677"/><Block Hash="EX+MlIWZqcO0Lw0UwPg6TZ6OK/CDaEbunpO6/ZdWehM=" Size="5409"/><Block Hash="O3t0NKpR0sZIVfL1JRJX30ma9Er7pyx3J2CkHbLSj9c=" Size="4245"/><Block Hash="Fl1o9WxQjfCk+n0OaZ8N+HW3t0cwMmHl1+/wpZyXN1c=" Size="3601"/><Block Hash="sJznurYSX/WKnlwt6cwRY9B14CKLwHJTKThZT8zDAUc=" Size="4341"/><Block Hash="rtTrQtdoHaXaMM1WG+34TaZtDRvtJ96YgdHNeJnFNTM=" Size="4613"/><Block Hash="vF5ECzCyVJZ+x+yLD/p3Afi8AmhAU9w3Cjprv0ByOr4=" Size="3868"/><Block Hash="9iC+RDgbU2Rcl95lrrm3R/6jghNR31rsxfY3k6n3uIw=" Size="4057"/><Block Hash="KtoJMc+UXr6MdPuRN+rdxS53plgFumyDrOFuCP9z5hA=" Size="3721"/><Block Hash="cYlaVoDmF3tJSmDz7kLHrm4DyjwoMj/RzFQR0rDsa5E=" Size="4034"/><Block Hash="dFINggjY8x5IJsreq5063A6p2YkHiey50B/aKoDq7Co=" Size="3947"/><Block Hash="EhS2TkWhSqARYk7yAqmhRTZsMUR5UM2dqWa7NcRCQR0=" Size="4011"/><Block Hash="mmikQVgAVgRPbWhDuX5XQlRWss0p1yGvLiY6nXtkW0c=" Size="4177"/><Block Hash="J4Dv0+mFsCqBgpGn40I/0qY0/zJrM9aeCLKphC1e4Aw=" Size="4079"/><Block Hash="JmqC0neC2CptQ5cMPNekA24J6VnZBOSeRIHhl8ck2Nk=" Size="4232"/><Block Hash="P2nQyNaU09lGzZOyFVxStlJexOJHsn6UkEXKteTyLDc=" Size="7946"/><Block Hash="kx5lYKHuj0JeKvOMhBIxa/1wtWsd13HcACBWv8JpqKw=" Size="28234"/><Block Hash="qadlFWyn21/rKl2pTfvaGOuk6LTXO53UNvI2T0F0Wl0=" Size="1461"/><Block Hash="bJ4Z9OraAYon+xPcyiHAdq5smdU7nGZP5S8IfUIgZUw=" Size="1555"/><Block Hash="KFBUpuXo3lL32peBO7morco09VuBJsz4ISNLsG3LiPQ=" Size="1131"/><Block Hash="DOrT2WtwR4KrEZ8+UyTVRB5TUdRSknsDXbINhQsUx4w=" Size="815"/><Block Hash="1KVw04feWX7tLLqUQTTP2QqEfNKu+paiS8uYhVdM0m0=" Size="1179"/><Block Hash="lxEPRZlA/2AbvmqyRwHpvWfR8O9wCNQTbtlkUPWLWaM=" Size="1220"/><Block Hash="9ghw3TCkZNMLitnL+oUkPE73ItJx1MpzRyH9T9KfQok=" Size="2364"/><Block Hash="5t85Q+Q6VYc8sqWYhbf8rPgfKVjpdotS0JdYDshc3XY=" Size="1115"/><Block Hash="hgUNLMsb4D+lGJ8XoBEFNyZZT6rpDTVyg6SoTpO/e44=" Size="864"/><Block Hash="kud+G1LG1ZhxSGIVOcSN3/1AOonGBmxn+NTvK0/gibU=" Size="1059"/><Block Hash="VF9DnSTRwPTEr44wyT/77vSdcBuoUmbjJZZ2y5mEpn8=" Size="1716"/><Block Hash="LDbWrjs5/1EJhmOVLsRRGFgP1bYAkJNZ0HGMlvS6AKE=" Size="1500"/><Block Hash="xfzI7/XMKURfRksbOFAt43S2oRGaUETWP2ZN3orrETk=" Size="1325"/><Block Hash="2dnYpCRQuesZoNU03op7VlfbgLBp+b9q7iuG6pMbY1g=" Size="1835"/><Block Hash="kXx8gqYJl/gDswQGnxH3H8AQEA2YCIPs9DP1scooadg=" Size="993"/><Block Hash="30tDMZIMacMbiOg8Md31SlX5vKfBUvypix0nS2ewcDk=" Size="974"/><Block Hash="aG0bfv31Yr2974G3ByyBQPQJH5QYwX7EknLjKLQI+LM=" Size="1468"/><Block Hash="6Sc/plz0y206faDiQV+thTIDNQJCJzE/aG9XeJlMpa8=" Size="2225"/><Block Hash="Cp0aUnKbxtSgKMxN39muKz3qBaWIqKoCgG+dwKUF7xA=" Size="945"/><Block Hash="XEMhLAVkxnCT5XnJW4oGzRQH4NgFmZvpEPVPsedTL3c=" Size="1021"/><Block Hash="D87yREJRWtZaXORpCmCu9vyrmGfpQjbYG+HASTzkmS8=" Size="710"/><Block Hash="TqTSyKxvD8qgfN4zfDs+N/gs19KbP8MqlpAWXFD9R3I=" Size="1183"/><Block Hash="vomvWo9KDAeyKSzfK8i6SPECha8jmneX1ywsUAtG04E=" Size="1710"/><Block Hash="qJzfNNtylvJVnhcpaFUvumxoCROr+FkDNwvfiRs2wqw=" Size="1964"/><Block Hash="JrZfLDyC3OcL+h/9Q7XbTqwvMoyrXiFZcm/gZ65V7hM=" Size="1072"/><Block Hash="WPD2uf8KwrZ/3pVG1wj698i6ph3d+8i9DyV/wB9vZz0=" Size="1923"/><Block Hash="eJSNnkfNzId1ibAm8uQgMMiWPYyac33cYGrLXwEZdPU=" Size="865"/><Block Hash="TLIvFQx8QqZLXBcGuGfd4UIrWk0LcMQNPJ9NeWmxp3A=" Size="1097"/><Block Hash="icz2KlMGdg8IkKGzDCOkul6lYQUYLPUYcrfn3vzL0pU=" Size="709"/><Block Hash="tdBjGsudo6vur0sQT4gjxSVcK3f6b6NLoF6EfRSrUp8=" Size="1512"/><Block Hash="RAAUBCiDXgq2nU0fkILsCMgVPBatWevb6P11JPhhWM8=" Size="1524"/><Block Hash="jkNjyzLwdzaQRMlqSTcXVaXHfc63DZETPATM3Ojn9q4=" Size="1997"/><Block Hash="gzGChRT4CxpO4Cy2njBYzicBY3GRQWLe1hMj9fLDItE=" Size="664"/><Block Hash="iHVJf5dALUtPJvbFrVPy/u3aWniAxNSNE4//PT+Qqjc=" Size="1543"/><Block Hash="yO6x9O63z/eKSQlRTlijUwDaB934dMavM8gaPVdyI7c=" Size="1457"/><Block Hash="0RARdWYq4x6nFhkuL/pcxFgkBFwtelLHExV3YfNlTtw=" Size="2069"/><Block Hash="aopf32Z73QFtGoRh/0afHilCQHmZcgKQiJL3DyBzebc=" Size="897"/><Block Hash="AhQHoJPfjxcGamUpc5Tg20eHMsPcLrUkxUWK/E8xPC8=" Size="1953"/><Block Hash="KfRl9iU9pFqq5l8sLU7Fw+lVYMza8m1hJwN4bu+3PhU=" Size="888"/><Block Hash="E8LLu4uSwzKMEm2w7N9ClKSon1yuEaRlVn3VSIj5/Pg=" Size="1261"/><Block Hash="tWN6C3uhMy/6aN8tRZSN1MXjnDgo8QYUbITTNje/5to=" Size="672"/><Block Hash="z6fOfl0srO80W8zHXqFio0hbLk0LoJ1BZDyKzVEiyYQ=" Size="3027"/><Block Hash="Hycf3EfJDXj0RoTa1z4jooRjcnZXlsWkdJutCslrqyQ=" Size="1166"/><Block Hash="V2+NoiIxN5w8va0y8aSc9Lfxda6Icm4FH70vbNx+g/c=" Size="1657"/><Block Hash="RCWx2BIRoUWj5b8m1zl3le69JUygbnrC9zjnDsgICUU=" Size="427"/><Block Hash="M2Cv5Cvh+0R48lTCR8heCHL81QrKeQ5j4N31WAb1BoU=" Size="1297"/><Block Hash="ZPvQ5XpLupAxwlt9qpflMgkrOZFzhsorJ0cU+KbZmMs=" Size="1111"/><Block Hash="xRzQqtDGnV7VQBstrS5ousrO9tWy7D4N6exFajOPilE=" Size="1648"/><Block Hash="MZa1EjuhLD8+UTcN6yKdzOLmPoejeO0GO3/r46zg9g4=" Size="434"/><Block Hash="84VdXxsrexmKKwCHxZbQXk1pZqes4k8vziG6F85/2FM=" Size="1760"/><Block Hash="SXD+jAKBYuDuv8LgCgC9WMLM4SODkCdHfqGZ5X1ytlk=" Size="1157"/><Block Hash="+A4t5HIcdB7gNUuYhlFI1Kb15KEzcwRWxof7yBSu3qI=" Size="1360"/><Block Hash="Ao904NzvlTcfUaMh+/CmmpqLN6Em60Jnz9GS1QXZOLY=" Size="476"/><Block Hash="BGdNR2x6biTkpy4g+KcqvsDWFEy+rsU92sH1qxO/2Ic=" Size="2440"/><Block Hash="ifHRabfxXhi8zydFxRINmuKwMbP0GwNeXjZuuqFCdis=" Size="1415"/><Block Hash="WuL8tQ+dir1r0x1LoR8qDqF2mZGiJLIgE4s7IqfnyqE=" Size="1753"/><Block Hash="odHKdOrUAfVabs3SLtsvyuU13avKf3wIzNSdbCapVPw=" Size="529"/><Block Hash="+5CGsA46oWheZVuAoAY9naOyTzTFTnYpVRsJNYpxM8w=" Size="1927"/><Block Hash="VquBmD4JxINv/tM7YRsyE4VshYsIVevAV+eZIYJDIbI=" Size="1170"/><Block Hash="pG5ENllLJNvcuDyuKHeqKVdiivGAqjbSy84xRUGoKkE=" Size="1291"/><Block Hash="dZXDqq9O4M4lteUgtKBc/Ck3sRa64EIaCOl47w8MUZk=" Size="463"/><Block Hash="wox30MO6+lZt9j3bOZ6h8uP9OgDgsBCryr47vDqk1D8=" Size="1146"/><Block Hash="zfgSzqKaHq7WEFqi2QskP0RBJqWQd96/1M03Be85Ap4=" Size="809"/><Block Hash="9TFuyUBSpjNKg4Yd++kO52i5snJu5cIXGBed0W+kxws=" Size="1309"/><Block Hash="VUV+O0ibUfeclJUp3KUwtL5mt4nKnpV6siiv9rahNNI=" Size="391"/><Block Hash="n7OB3+yF2MtCQN7CGlKnR4vjcpc+1ByUVHzCq8/WjTQ=" Size="2600"/><Block Hash="OhePvIGg3GGfPD2BKpwO6EAAFp/L8XT2NHaVmyNiaGs=" Size="1418"/><Block Hash="JEA39ZytQJDPzsBf8ap/iBU/juKJPDVz3v184pZ0ztM=" Size="1341"/><Block Hash="n5UYcgNpGLzWBSw1c5DJ8x+i2nN6gxIcQnTs2n1lsZ8=" Size="435"/><Block Hash="wk756ZNEyrpBAmwFLtBkWTzqCMEUVlJgUt9oIikKOag=" Size="1943"/><Block Hash="x2uwNKn+EQuhcoAGNmI+UYbWqHGUgJ0krTFGGon1A4U=" Size="1298"/><Block Hash="g50UNCg8Gq3KuwEyoNIhlaWHrul7wS4Ded438DfgTng=" Size="1284"/><Block Hash="g98gCrN06YStGh50NS8RByPxHKNlUb9blIQwRqG8gGo=" Size="528"/><Block Hash="8TJB6Z4YLTcfiVvKKwbkNF0O/8YKYLerjIKIPZcfSbg=" Size="1164"/><Block Hash="mkLHR2MCgFEAc/gceQ1lF79LmP6WqhlY7DzlVmeJ06g=" Size="938"/><Block Hash="/STsqbdT+4OIZY3mTH6D+VS6zPzW+zgpjL1ujTAZ61U=" Size="2568"/><Block Hash="Zs7dLVoTmA5FicWLCaSjJJIG3mcEQH2VN1aTR678UVo=" Size="1012"/><Block Hash="c41exDq34HWzSPp/d7RpZ92kKDLP56NUXjBTbK8XHPw=" Size="1433"/><Block Hash="BAxO/fPoGeolynTrOfKkGBZ2ulmU+td0JbFNoYUFysk=" Size="1067"/><Block Hash="C870Kx/VGOM7OuiwWkh5iyJ8J1Mqf06w/F0qYKPlG9M=" Size="2504"/><Block Hash="3tf/kD5W/zbpt4dM9kPEe9yTxW9+OGtMsEhMNMzX3cw=" Size="1197"/><Block Hash="C5EZ+RGZ1ndIPgu74H4onLZSbit6ombcjzCYfE0O/ns=" Size="1380"/><Block Hash="yc6Z7WAxq3mZi1BCd10PxcuK5YFlByXljqKz5A4EC0U=" Size="1050"/><Block Hash="/LvGOFgYdAoqbSTJb6V9YEybUTl9cSy7D40CQVudvGI=" Size="2377"/><Block Hash="rVUrvtWMmwHR0gKOalE4gVQ8JUjiOYY/DjcSf6FQvWY=" Size="1244"/><Block Hash="TTCZI1UdySxyCTN9mE1B5/ALc+fP6L6ZWJ4hrHGIIHM=" Size="1014"/><Block Hash="Tz0NBNGC3+cZNfUh7y7d631SSDrXkVUv+CxdFHZVNeE=" Size="905"/><Block Hash="Orw4ZfAndQg07sTN0ynp53Y5Wf1SRtKP2ygj/zFoWnk=" Size="2445"/><Block Hash="HCZaNmXAoSkQ6TO3MJXz5h/oNUYf2KsW2Y4srev7ABc=" Size="1214"/><Block Hash="klN9byZDexHLzMjWvB4t7XirDo6Iy+hFDhwqEfmxHxQ=" Size="972"/><Block Hash="fmwuCYwzf7NT7mSMfLJ9nXmZgWocUs/5HhtWYteZR8U=" Size="960"/><Block Hash="NIEQfLuNpJV88CxGRnY7NPeTtoBde+U486Nlz1Swa3E=" Size="1925"/><Block Hash="HsQ0y7fpho5QmfUTqmDq45geRiPzW6yg8Gi4ApRtFx8=" Size="1258"/><Block Hash="JmKLSqL9TKQH25cF0gd9JYKthuTv9jWvl5IJWFcnjKo=" Size="2138"/><Block Hash="irNWL9mT9VNjVsXejXGtfRVH9b3TQMb5WAt2aTiBfhE=" Size="2302"/><Block Hash="FvRyKei5nRorg/UePusfISTTJhp/nqVmgJIvcVZf5Ao=" Size="1174"/><Block Hash="ZLXgCRNx4NSiGllT4uvWUD0jb/+OfPdRVoCcIooiM/w=" Size="841"/><Block Hash="eTECIPf4ASBFIVAFxZHoqAvN3zDoGn0OjnA1O9jJMgA=" Size="1472"/><Block Hash="5qf9sTubJyw6gjtWIbZqC9CXxtvbrlRjqnlykwlVtNw=" Size="1639"/><Block Hash="u+f/hjWQIB18OlgHAtA+/LT3tAnXBUQZ7pUplic9zdQ=" Size="1307"/><Block Hash="wMLnxoSIywqDvCskp/zugGitcdPnNaCUF3ONtYMcTFY=" Size="1064"/><Block Hash="E2wY4rRN7i+OVnB9ncSGtte0GGnINslNJ+h26lwkkT0=" Size="584"/><Block Hash="REiRycNCIKXU+gkKkjvdoYBewOZXnSW3yvQYsxNk9IQ=" Size="1281"/><Block Hash="ztr6CPSXRZwj9PxCvHSrW244owvCd4E0dP1LrGaH1FY=" Size="1570"/><Block Hash="0cmJxqsX/8FXEA1fDHjcB9/LTYIoo/IUVXZdAPJ38z8=" Size="1696"/><Block Hash="t7MimLZKuKUzeTTQD4sYDuG6wSlFffFuOFhXmptVseg=" Size="1414"/><Block Hash="So2Q2iyVH3f1DhClFK1L04Jx1GDyNg5nc7fmLCPUqjI=" Size="2163"/><Block Hash="FsQc5qsF6iO7i5t9nodr6nWoqXp3XCDFbH9vvd9gKj0=" Size="986"/><Block Hash="dWe8E3la2Uuu7HZlm1RxLNTf++Kaj+nswNxRajzk1sA=" Size="981"/><Block Hash="UxAIlrx/L0joWIEtfrJn/mCyEtLpO3WI8Lc2FRKHqzM=" Size="1050"/><Block Hash="Wu+r3XrwobO2umKJ314WjbDVoSNfu0SaRSNVFpZFxmo=" Size="1474"/><Block Hash="5fTvx14fUNNqcWFKR4NkBVDZdLaa6oLm61x711K6LNc=" Size="1010"/><Block Hash="tkKe0qqtcnQ5V6xovZwoq9iB9hRDDtgZAh/bk3LxZWQ=" Size="1031"/><Block Hash="54lA1Pk+cThO2f3rrIpi1VzdkzjLkHx/y76n/xoNKR0=" Size="1006"/><Block Hash="QWcIFIzaZwTlQNqlE0nrhuvxxaLV3i1lSLVLAQm+Sok=" Size="1473"/><Block Hash="AcCDZsR9xtOf0M5jKbj99P9OEQ1ggtylA3yRI0nv3C0=" Size="1038"/><Block Hash="HxfQqrMwnBtFvilP36WFr8MIPcCDlZK7NqpJG8ofw3s=" Size="2129"/><Block Hash="WiffoURjfBCxRj/OBbnSJvXcY7N85KkiWClj5IQBey4=" Size="7051"/><Block Hash="T3wB5DeqcZvUvUyE4FUjhOyBkOfzVT9RS+pMgK0eDVQ=" Size="9048"/><Block Hash="cd7n4NS65O4F4R82tioX3Eg3voNB2vKofI1/oT2h3hs=" Size="12207"/><b4:FileHash Hash="h8Ya/cXwkFJNs55z2TJQ74GsUfaYc/R6zFWiYZz0FPw="/></File><File Name="nvcpluir.dll" Size="10979360" LfhSize="42"><Block Hash="wrV0StRdY7eh8UvIjTyzp8Sc5XroiBYtwpPooqEbTgQ=" Size="24332"/><Block Hash="HvhuCAY3QH3eGjjpJCnyXz3ouPOFRl0NwJhwg5RxPUU=" Size="6800"/><Block Hash="9Zb3XB6ie2ssjKMXTEcN539+8nap83Wv2dqk7riwgQc=" Size="5977"/><Block Hash="b1h4ED54Xcneyvq06IbK5d5jqiAm7qPpml2S7laGJTk=" Size="8098"/><Block Hash="r4z++p/8/5ECFtfqRkA+XLmsztBNfL7su7bCEAXxZZg=" Size="7080"/><Block Hash="rS3/JoAkkkWAuJ8xESC9bnYjt7X3PyCdsT81qxvh8d8=" Size="10469"/><Block Hash="BjDYw2PazOKTpsQnyKAVyhOGNtFelAt9IchpwrBvVCY=" Size="13405"/><Block Hash="L4WR4S2yxwLYjKKU0UOvo6gCF7KOLPRvdLzpW7oUPI4=" Size="27000"/><Block Hash="lGuXNh3TxUf26HGUuyTe5KIRxqs/CN2Z5wM8/C74low=" Size="21161"/><Block Hash="KxFfpgi/zlNa89NvYiusggd+UEz7vhwBpvz7ikcQDsY=" Size="11776"/><Block Hash="QBa/LjW22H5OzEDgcqLfuBsyq/wwwvdHfsRyFCjG22s=" Size="1360"/><Block Hash="AN2RogsYGJaPt5c7JzAIn+Q+KtuxJB5EIg4L5H/XU/I=" Size="8898"/><Block Hash="ZebNY1MQv6aImGW9yRIDPjVCJoBK/93gsKNZv5ymBC4=" Size="1360"/><Block Hash="VvIrY1hIDFDrUyrqmFgvNXQ2CNJWUxqEdkfJSjEnwo4=" Size="877"/><Block Hash="akOGo53+El5/hiLoTucPtDMZwGw8WBeid/qT/L7VkJI=" Size="6017"/><Block Hash="+2fXxdeamuRCzE46Ibynw/Xh9ofpomS836EKP9i9fOw=" Size="5534"/><Block Hash="Lw2YzPfNqyXjYyvfvv+1XjzrI7j6q+6ocDtEO6R0Lz4=" Size="365"/><Block Hash="Uc4sLCQ8r3BVJhnYa9vdipo5HqSHsI3h1hOyMmRDqr4=" Size="5677"/><Block Hash="pqdiQ8VqWPcnEvaCVw6O7lX8iRjPdAyRxCDCrTo+EOw=" Size="5409"/><Block Hash="Doldsbg/JKoka+gkOTOuAIIMpeHdMtTk6bb2HJgpK1Y=" Size="4245"/><Block Hash="ZeiTK5zZSkuAkSSuBb1w1GH2818akvDXbKlPxjGyYwg=" Size="3601"/><Block Hash="zF4Ssq/BNdtzUkHfFVI0wXBwlvkcvm7Weq21THemWck=" Size="4341"/><Block Hash="Yv6s3kXq4PErr2URrzJVZ3+zftFc7JWbtHKxcpfe2dk=" Size="4623"/><Block Hash="HRZlItkSYCFugTpF0qPiOsv7SNHgAr27l5nnF3NUT7o=" Size="3864"/><Block Hash="dzl0ueKLG1hc7ixBNBUoZ8ENd7SHv48FpR7/y1bEdzI=" Size="4072"/><Block Hash="n5MVcmClG7xbBnA0/6khLvLgBNe4yG6yEheyfg7iKXQ=" Size="3712"/><Block Hash="ynDAH863P+cR4IRRzp8s1m0B76gRok3VsjPz3T4l9Fw=" Size="4044"/><Block Hash="XnIYK83Cp7J1Wh5RojllDcyEk9OfdPrMmaukxshEdno=" Size="3964"/><Block Hash="EXkMWmL5lCN+dR6uIMAxoQAbWstVRKr5DB1eVfbnzzI=" Size="3997"/><Block Hash="kjVc4qOqh2naJ1qktFkStCD/UVJTVsCAReH8gTaUgbk=" Size="4186"/><Block Hash="/M+hFOI6TUqZq9HcLkzH2d89NTP6edqPwuHmfJpE5r8=" Size="4075"/><Block Hash="QR03zHTe4LDng+pgP0X+AWs0rxWeeNZo/M2evtAVMks=" Size="4250"/><Block Hash="qf4VSJ/wotguhSbF3MZcih99f+aMb2IcyyZxq/ENDbI=" Size="8047"/><Block Hash="GB9YqgA3H0ad95762iqvP/m+XS6Jzznpd5HwaMmgGGU=" Size="28117"/><Block Hash="TY9oTDnLqdtQThfLW1hnsEnDVZadaICg0E7FSUsifFQ=" Size="1461"/><Block Hash="wxmYTv8RMnY8XrIbpL6sQXWceE2+M/sjrW7eMMn+Zw8=" Size="1556"/><Block Hash="gS3UXDkG+l5mS1egRtMgRFn7du+yyDQTG07gk9kTfMQ=" Size="1131"/><Block Hash="6GqY+cduRaPFTxoMTuCWJWr7vUs/1SVwpbhiYO/nhbQ=" Size="814"/><Block Hash="2s4KMd5j1r+VT7bsmuqTOX2jG+iECyHcFQEU/Qf+S40=" Size="1180"/><Block Hash="sJPuJtEQQxmcXl5BeO2jEIpwXnO+iQ86lmLckrZ25OA=" Size="1223"/><Block Hash="ZW3/b/LcEK28Uux7KYq0M7glofH25eFzo/ow2P7NDec=" Size="2362"/><Block Hash="1MeevpaQ1JQ/+HS325KaJ2xdMa22ldNLijeuP7WwRAw=" Size="1114"/><Block Hash="ncwllF7qmTBMuDC5hs4mrb2qeECuuABtzhdaINVQGRg=" Size="865"/><Block Hash="EizJJUIddYypx1jz4RHYRWaa3Hnen5UZvcOvPvM/LaI=" Size="1058"/><Block Hash="orzpMlX0qrzflV4P+ZmkLmZNnuCW4sFKx4q9rmK0EIQ=" Size="1723"/><Block Hash="om/7sRntem3l8vwuaJrBBwGfQzf3/gjTG2SxXlkkZMg=" Size="1497"/><Block Hash="aEFUCGIMU75TULHt4KV/gTtCrSkGR+Kewnrzi/xiseM=" Size="1333"/><Block Hash="c5IooJftuT5oIb+ZjseHy0q6jc8SeZJ4ZEUtaU/eOQw=" Size="1822"/><Block Hash="LJz9UU7ZVjHnTPHH7Mm86+m4i4hV2Dh7lCGD/GsQNEo=" Size="992"/><Block Hash="gAAbg3l69OIuxtMdO4ZYm+Egn0k7UldTulF5dgpi3w0=" Size="976"/><Block Hash="5cqOEuN0Ww0YpUZiQMseKsm+pEIdOcxZGOW//6o4c9w=" Size="1473"/><Block Hash="xPblNlveuHDrFd1xCdCXiFFcSTxc/GXG8YRfkyspoBA=" Size="2214"/><Block Hash="lPE6WBOFW2y6KUxG2OBNCSe+Rpl1BE/tunsrSqizZQk=" Size="948"/><Block Hash="bJhzj4q2JSyXYD6OLgPxNunWkc2Wry68iqB7U50Z61g=" Size="1026"/><Block Hash="jWu0vfwXvSeeexf+ZYSfNFx4spQv1+jlYnRxqWs/Ka0=" Size="709"/><Block Hash="Q357sC3TrJIRCNdXBlumxm0TSGNh1IN+Adthvy4jHyU=" Size="1182"/><Block Hash="d3VM47LcRWn+COE5P95EhTYgFaRNjHC18VW9/W9bjAU=" Size="1714"/><Block Hash="U6JbcckGZs1OrcPDZjsYy4aQlzEDneoO8CMMMNSCeAQ=" Size="1955"/><Block Hash="tQtaCY2AlyN8VBumcwTDHMYX3L9Hld3vEqn/s0X6LV8=" Size="1075"/><Block Hash="4LRlDeg3GZ1Mdgt6f22AFqLhMMUYwmbD5KF4L4eptFo=" Size="1921"/><Block Hash="YmDGla4/QV+6AzN2KpOxYzlLoySpLTdpGK37CWJi7uc=" Size="864"/><Block Hash="WY+WTtR8gBiFKC9ugQZYjroByRfEcG3j6r2JNNW9bzE=" Size="1097"/><Block Hash="CVpC7RgXvSvGv/l/EsksYylhHZwU3kqzJYJUscBCok8=" Size="717"/><Block Hash="rDXEzBBtpwoU2KO8DSXFJgEYnLOH6Oefv3fF3aKb9NI=" Size="1504"/><Block Hash="1SiMj4eooQ41lhWs+vFCOhM+BRXKB4AYOX9bw2FKAIo=" Size="1526"/><Block Hash="UXH/41LScqpsqHZOZk71LQm2XLlzgPEzQaS+dcjotXE=" Size="1989"/><Block Hash="dw/wMJMq+sfCM3fG7g4bfg15/lhW1ujvDjPv8PK0GZU=" Size="665"/><Block Hash="FCtJjnyaYGiwkBqR8fNDUySHToKzzaX+OEWwrtXqygY=" Size="1550"/><Block Hash="/jbMqe6mqNjYKcp/2uOmfPsUuLgDjaJaoR/MZ8ZCPik=" Size="1443"/><Block Hash="dYEqDWN1dHuTo613+X6/xpUMX+kXgDMMX32Kr1RT5A4=" Size="2067"/><Block Hash="7GqA9Vv117rrkEosL56OFouQexwztLKISalAJzUOod8=" Size="897"/><Block Hash="lvHWveo2eyZW+qk74kxzayhGBGwqnTkToltrqzADjXc=" Size="1959"/><Block Hash="FDnq/aPQ4OjzMFc/7NRbwSNiy1D0L+4Jd/CeLbhe/FM=" Size="876"/><Block Hash="aKvFbGLOKpWpZUtMfp3n21rVaop6LvhjK8NRa2FAAoE=" Size="1259"/><Block Hash="ufiYnaS9SMpd33Es18ZHVsPwH7w70DwWNPOsPEemAXo=" Size="679"/><Block Hash="VNxPh/2jZrga0PV/uOpEiilw5WFbqzIYo9xMncxWCkE=" Size="3030"/><Block Hash="Ux2FrmN/YAvwMbo5SrC2su2EQ0kaeF8Ln9b1YgqMQ6o=" Size="1160"/><Block Hash="c+mq1d+3Xf5xs1vngkzM6Q3T6wKHmLX5xU2yO+Zs/GM=" Size="1657"/><Block Hash="6lx6L3mm4AMijG+lX9+UyApgebpzRXhxy6hePuJ5H2A=" Size="428"/><Block Hash="0P8yowpgiSD0qOEsx4tWow8TyD5h6g6xz+NrWaetc9M=" Size="1301"/><Block Hash="p5j7gaQmsNW43NzlDn7VA88GiqBPyBV7m3wusn4n0Sg=" Size="1109"/><Block Hash="Rx3Dcu5qNRNevkLqujZH1UvHn+TLEQZolepud3KcMME=" Size="1647"/><Block Hash="i+OEsxvVAVPlhBZKyJdlhNKl5dAfrdUPzce0frupkVs=" Size="434"/><Block Hash="szcHJmYuMsL9ca17bWKIUC4HsYVTfLBa1GiR/a1jRBw=" Size="1766"/><Block Hash="yo2WoiBzvJw3deC4Ca6NEQ1A0veUFPX9exZkgQEu5ws=" Size="1152"/><Block Hash="AKgM0HvUeA1fAwFfH6GIcMIdY87+aw2jbJ9KZooaJ2M=" Size="1361"/><Block Hash="4fLBTFU+1t7Vhd5m2D3JnjlH2NYymTBKpaBgKeQUweQ=" Size="489"/><Block Hash="SX1UyHAJJ70FOCvr640l7RQ9TB7YWwFxLZduU9wQ6QY=" Size="2435"/><Block Hash="5yu8SXO98Opuha8HLNEkkr+vAEPDablZ10R9lRbDmVw=" Size="1401"/><Block Hash="+KY1gO48PipiMgxCwh+dDSgAN2qnQH8uUylUk3kHSm8=" Size="1761"/><Block Hash="Xw9b8vhrRLZBQL2DzVYVyAREd/6MIVCEYvRzN5LK30s=" Size="518"/><Block Hash="EaYU4phRF7PD1wZfxLQHsv933+jNXGFB8JrrVNVqE+c=" Size="1927"/><Block Hash="JDx9onxUwuofqlEDZSNwbZL3pZpDMXsUlTj5QvxcKYQ=" Size="1175"/><Block Hash="2hoMbiOE9KGcwEFJMQ0m47SwVlNl75lUwYMkzT2D0Q8=" Size="1284"/><Block Hash="uQW+2HH1L1jg30K3jokDkzaFJiX0O6m2SozeR2Q+iXw=" Size="462"/><Block Hash="3ttsu0WsGr3Z+flYkCWvc02S09UyvzrtnML0DWHtA0o=" Size="1149"/><Block Hash="bOoJWu/zgWEM7wsVRc7b8+byee+u8MQ7MbUgwzr1mN0=" Size="810"/><Block Hash="xRxMjI1OdAjt9YhY0OnfKlO7BgTVV1bFHEMgvJbmJwk=" Size="1309"/><Block Hash="hbmUHauwlo8C5ob6IC7UMbyER2hRairxnMS5Yuuk6Rg=" Size="391"/><Block Hash="QcVZA0iNwf8WpOU8lLaUHFzfkYKyAN2v4iYFNxeYt6k=" Size="2603"/><Block Hash="wH+kjvWanqOAGfCeGMMEKSSY38tiHRXba27dcsKyJUY=" Size="1414"/><Block Hash="M4SPT6+ur9SAcmAbODxqxpGZG+6RXNwOZHSgRa3cYHM=" Size="1345"/><Block Hash="2qiAIxYjjweoFwgYrqhfAt+jihZ25hqn+v7bqZfnC8Q=" Size="434"/><Block Hash="iDHWVQsvmOoNIcPE7rwgPgqMuirBmXDQvjZYrVPjRL0=" Size="1952"/><Block Hash="hLqWHLM/V/ZKPyyzps/5o6rauuHpC5E9dWWG2+Kbfjk=" Size="1298"/><Block Hash="rIG4brhwWZ8V4IQtIZSgPvm63XgHrQ4y4zsEnD9AKIM=" Size="1269"/><Block Hash="SBxn6r1QlnnlpJOgv9FJ5+aj8AMoApXO8Uw207BTklc=" Size="527"/><Block Hash="ZH7YZE/Ub9L7UzZ2kfEtu4iLaIThlSnIpLfStLRt+WU=" Size="1170"/><Block Hash="p2vDwJgueACnraNivxPJwOoX1+nTvbd4BbKI50kIUeI=" Size="935"/><Block Hash="A+F/oYP5rcimgUW2sZcPNGXN2xZVvg+3VeZlTgRgZm4=" Size="2558"/><Block Hash="qHGNZnKBCL0qTSX0/I33m9+bU35keEKu55E4jnA4zCI=" Size="1009"/><Block Hash="bwgvWuBwt5+QVsvGaiHLbMxGH6EENxorkMzekmYurY4=" Size="1440"/><Block Hash="m/HflKyHHREhQHbYjwDwoYszP32iJ3a5gR2QBNKFYM0=" Size="1082"/><Block Hash="nuKZZ3uv0hk5oC5mQVRPw2QWZ+i7SJmgxJvRr6Y/iqo=" Size="2503"/><Block Hash="Q4uH8vX77khODghUOxSobRhOX3w/6jhYF+wtV4hH6As=" Size="1187"/><Block Hash="gVgtlFTPk6EvAJiGHMc1fhVmFcqI8/fktUnHEbjO+bI=" Size="1379"/><Block Hash="4su7R0UuPuzGAPOsMGkOEBHqQq5N0p8ZDMQz4S96gR8=" Size="1050"/><Block Hash="EO/F1LXnn0868b02lRmEjXTP6284EX/0v2NYqjCUuA4=" Size="2377"/><Block Hash="i8h4vXhULImv+dweVJiDtSWabFyIt4zYSAev78+xEVk=" Size="1242"/><Block Hash="wdKPkl+9EUnpktXjLmAUjVs8vQ6iWQQ82esUaa3kJss=" Size="1014"/><Block Hash="R48bIkRW0hZap+B8mCMUvL7jft4DLeJ/+eMLqkwwYCQ=" Size="905"/><Block Hash="wfkO7GpLZ0duWZH+io+drzwMnKZ8op77/wj7FwDzAH4=" Size="2448"/><Block Hash="ESp0ZyHmY2dvp4WNroiyootH3mK+HaqlVtckhrHNVbA=" Size="1211"/><Block Hash="ArwbviR2IBYYSoihQ7I53EFHKaWgTbsLUR7KA6s2AdI=" Size="984"/><Block Hash="eh3iz/eOuzJoCJjOawQc7eLj/PEq88RE1wjzoktQ6+M=" Size="950"/><Block Hash="PXUdZryPgAYtFYJzCIEVeoToU2ym44IN3SL7bEoZ6SY=" Size="1925"/><Block Hash="Pchzl+1lV5vDHiHsSMVVJw0r/9HZwHKPbSmxxHQl9Wg=" Size="1258"/><Block Hash="ze3Erb3+6FbJ+L1xucOt7P4WJUIBikfVPyDhYaGEud8=" Size="2144"/><Block Hash="oqiOfY1bGBsz17G28cM7kkiGxlkwjIj4J9068hwFDuY=" Size="2293"/><Block Hash="ulpRjxPiY7cc3+nsuGXxvZhg95tLKJcO+869U7lIQ/0=" Size="1174"/><Block Hash="FQHg0+vtewGdu0jlJm+0t5x5ro/VlQbhMNYg9DNpFZ0=" Size="836"/><Block Hash="hIuRKqgYb61WynKVTrILq3ehYdXeRFGfTKWRVMD3euU=" Size="1476"/><Block Hash="l8LERNvNDNE2AnfZjnSmbEOC1eJHUe2yrsQSgLvTmQ8=" Size="1644"/><Block Hash="wbWqFcjViuWFOjQtBMhgAV0RK52WHiqyWHENARF9nPI=" Size="1310"/><Block Hash="HbhiVGKdYNGWxzNPV5WpeS7hhXPRV5SguiumTDplDgw=" Size="1064"/><Block Hash="IqpPSjq1J2LQ9ze1ElJSrtF8hSAvU61DHJvccem7+Ok=" Size="593"/><Block Hash="GDlmJUD+U2xZq2ifiw5VKGaB4p5pwwKo33X7dUdcnpc=" Size="1274"/><Block Hash="Gs+GCBDNPm0vbQWSOk+1GXw/NRrxZhhgEe5I1v8uLgI=" Size="1570"/><Block Hash="FmvTdX2W4vpfjBouRfP25dRYuuXQRrsW6RWw0mWCa1k=" Size="1695"/><Block Hash="44vVaLRygFPOfm9AAHqocvZAlo9gc1FctPi4D4dbEKs=" Size="1419"/><Block Hash="5yHsyC1iHX1VkiHp5W/+aa47Y7c5p69JT8Qgrf1Xz7E=" Size="2153"/><Block Hash="r96afOkm8YL8B7QtN2rxczjFzrKr7v+RcoZIJ/uGEC0=" Size="992"/><Block Hash="bDkud1o2N1LllsJtmZVUMWNrfyrb0fBsKQzwaYTQfMY=" Size="975"/><Block Hash="+uYe/HLg3Ve+CDldii1xWaRjIRiPvZ4Kx/3NcgetsAc=" Size="1051"/><Block Hash="eO8sk6UYG+68e2GrjUHUyzNec2hDh6Z8fVP7SYtuqf4=" Size="1476"/><Block Hash="HeCPmLO7C9X6FfOijsmrpYH2LY05diuaJUZjvcvXaL8=" Size="1012"/><Block Hash="QtbtUO2TY7QW4uuEf/fsfuNp8PY/pcVp9skeflmhnq0=" Size="1031"/><Block Hash="BHdz9l/P6z5FoQdzQFpiEG01FudhCqIKnx+Oh3ScvK8=" Size="1008"/><Block Hash="hCnUhQz+b/2lDcOFJ85kVkD4Kp1dL5Axia69iHPK1PA=" Size="1479"/><Block Hash="/7Utu5pWxah49symPk+73TE6/R41qx5lQ52iPwnaW6c=" Size="1034"/><Block Hash="dLUOXE4fuJU9jLsJ3qlYvvk4qvCob1vsFVOQ+3r62oI=" Size="2135"/><Block Hash="4gP+q4inVNwKIvYfhBhq5pjeaBAbPIE3rj23H5QLlz8=" Size="6759"/><Block Hash="39pUSriSiHt5g1zea/3LWMm+AwFEBX4X4SoxuC4CvTs=" Size="11190"/><Block Hash="1nPO9FsN93RPdjiTRWHFbPkQl2ggtg90Qj0rV+c89vA=" Size="9886"/><Block Hash="nfuxTG7lMyx6nccoF2lFHKkq96Jl8ZxmT+FrwrX3q6k=" Size="12123"/><Block Hash="Kkft0PiEqHdFhfBs6s80K01G3+ggZek8qSbdnwRsMMg=" Size="10834"/><Block Hash="v7byPnj7ITbaGUXmyYNhhihNeUvAY5lRdwd2Hv9Q2rY=" Size="11914"/><Block Hash="LthY0H0mryLxgDLGN2rt84BgV0w27MVOO/FIp0ClLVs=" Size="12969"/><Block Hash="BG7SfPUHAQP9JU1YtgESkgyCdtLuWfLDZW7mafjplqM=" Size="14027"/><Block Hash="JwvECtFYE/Y0j7LU7T9Hf2sg7NIPs33KOM9wkBmJp+c=" Size="12203"/><Block Hash="SmAzMrxHwIINuYGCFzNCrenRTql0t3bGSSeqJHppJEQ=" Size="10412"/><Block Hash="BkFCsqwE/Vm1wZxnFZRrh0Rnhe89EAClv69EFELNBH8=" Size="14016"/><Block Hash="jFXimQ5OfIWadjDhTyRamEQOCNUOMY/N57rIA5TZ11c=" Size="15658"/><Block Hash="6xcMY+IvmY+BGmefJOuadS9VA1elSw/9JO9BFraJFJU=" Size="13103"/><Block Hash="YZTAmuni9xUygKy8ODQNT8LA2CETn037KDIg0DQiSTM=" Size="12035"/><Block Hash="nObBv8m19pIf0aBhtIieYC2VHCN47jbpooJMiAb4VVI=" Size="13996"/><Block Hash="tRie6VFvxv9QGnmdWQ5F9+sCoPCikec4z6ZRzRR10vo=" Size="16747"/><Block Hash="qhFVZWonyFOkHLeMvNX70Xd/+bGvHTgYHFTm5WHhc7I=" Size="13170"/><b4:FileHash Hash="P1dJLnXN9whuLdwM3WclkR6UpHMnh0trQoDcaWlAxEA="/></File><File Name="NvGpuUtilization.exe" Size="3660328" LfhSize="50"><Block Hash="PsZO8ca3WC7BPxGbmd5qDd/LCrehP64nRz3PWXsDCTU=" Size="29139"/><Block Hash="T079+HJSTAC/WolKf7mepkr/kDZ0gNco6OkEPljSFlE=" Size="25742"/><Block Hash="+FcSVIzX0ddfk4R1jat9hNuWnqcSRvGmPy8Pzj9G0t0=" Size="32642"/><Block Hash="F3EHFYuhZ83KGylPFwivjwiy6Nf2zFhwJk9o7SGyGEo=" Size="32280"/><Block Hash="BXP9dI3DcIFbY6svytHhXT5QPdS6OlYn48kiwjo0vTM=" Size="34177"/><Block Hash="c0801RPwG/rLH7Gux6rvG9/xfd6QzOujmN5noVIVMJA=" Size="33068"/><Block Hash="hcJWlhP2ous0EOp+wUhDtbP/5nyNbAlqr7l51blkqac=" Size="35543"/><Block Hash="ggX6/E54CUIAazULIUNx+4cDlMhIx/5mZ5qklamFXL4=" Size="35646"/><Block Hash="s0ao3c/jYcv5E+modO4nnv6I/YI4aGtmxz/puGAI7/w=" Size="35053"/><Block Hash="KxvDYJu10sFPBYPZJxKwaNyW1CDIV+znXmw5esTPeps=" Size="34623"/><Block Hash="/8fMDKTPrJHuX8bwsGtTxMNNvO9JP1OE13ERqS16reU=" Size="35401"/><Block Hash="SAY90Fqce6a9/iX/BRHSoAg8mDhqABSPDeK88g5ZUns=" Size="35401"/><Block Hash="7XnZ8GyewYkeUwiVrgW//sHCBXNBzqCDs9MKF8aF00k=" Size="33401"/><Block Hash="N3cCdL2mzGUxNCG/5SEcw2NM0vF0XX+4GZ1lbhtcLi8=" Size="32218"/><Block Hash="aQVq0CmusLAmYNlCXxKgC5nN0F7YxmeQOtf1pCRECy4=" Size="33919"/><Block Hash="JmDYPTRv1DDWDNwe5uVjXqzkjVyYg6ha6YEInN/K/I0=" Size="32604"/><Block Hash="7Z/84aIcmgQG9w5+8jRPeDhB6Agfixtl5Loh0sH+deY=" Size="33145"/><Block Hash="0juDZ7rVd/o9TPjXdOlJ92s+AXaD12EdYzm2W/gHJ2g=" Size="31637"/><Block Hash="laD+QEBkwNaBPACTYmLQqaU5eNd0gkPAW+5mPIPnOoM=" Size="34984"/><Block Hash="v6lRoUvmeMprC4bEQRO6zw9t1b71BPH3HbI+3Rpg4NE=" Size="34606"/><Block Hash="F6TdoEaZJRHTvQ8Q2OphLmEo+ERWGXBLD6H3/toha84=" Size="34587"/><Block Hash="4GOxJohyyVAnsjTkfLUudFzZS8iag/YZSGlyFVwqlXw=" Size="34422"/><Block Hash="JkulUqQBN85sWnzA2aFSeid0aPXuacziszeeUySkkDo=" Size="34389"/><Block Hash="Oc6gWCpA+41O7ldB5glMxFJUTkGM1OzlNZ8tgz/h7y8=" Size="35845"/><Block Hash="pcLi0JLANEZI6ayjegK7D+beQPdPh1jZvsxqevN7oMM=" Size="34369"/><Block Hash="yzXkquZB+LWzIRNCHlAsr95ykOIkNFSwKgzry9iqTLk=" Size="34356"/><Block Hash="ioHfbpV3k7w4SVA9sx3a/URv0hFwcynf+15WOihuVvc=" Size="32318"/><Block Hash="h2705GyPeP4Vl+DNHGUnmvhllehjFddiioyfKtLu8mE=" Size="35078"/><Block Hash="/Wzc8oBBlgim5jfxFfCbihM5iysMzYLYlsp8DnHayQk=" Size="36755"/><Block Hash="KDVyk1b0cp0dQLQO8km16B8FsYuGjjjRsBDoqqRSFAw=" Size="36620"/><Block Hash="oOps/YG6mJiMhD7CP7gQdA6MMeehhvbQoYJPmLRz2N0=" Size="37978"/><Block Hash="pmKLIYFPCv8gjMlAEkx8Fnqu1bPZfHtrjPx/LYWT198=" Size="22276"/><Block Hash="4BEO12xzJRIDcRVzTv1q9yV/32H6iNuxj9+aTObYeVo=" Size="21208"/><Block Hash="Y3MTXanOuf13LZMCoiTdgCM/4MeH7QNm2SWbrQH3rBc=" Size="12289"/><Block Hash="Be+u+7htwDb0fblmYTXkM0qaoJCjhRiMCE8oA7z74ME=" Size="12514"/><Block Hash="hS4yVTL6yKJeo5DMWCYunxXhFs51rWTqzFa2LkJ5v2c=" Size="11453"/><Block Hash="e1c/BIhSfZDWmcK/GjofQT/+t/7cc56azoApDoDwd6A=" Size="12230"/><Block Hash="MKGAYf2yrFXH3cMiKCvu5tyxY7sVyAo+4SMDyFenxGI=" Size="11600"/><Block Hash="vzvsIQAoVS5ICrJDeKxv7xrParjl2HrGWA4Ow4PLX74=" Size="30863"/><Block Hash="7zaaJsQzlANVwyWmrhuz54ArB2tqqfH0WohOlozTmLQ=" Size="16467"/><Block Hash="n9B/Oko3bWlNAazZCG8vA9KfwzX5Meh7W7Oo1+hFJqk=" Size="23820"/><Block Hash="N4wQcJPUTPMptPs4LEA+jS0swaC8URrg3SIXSal5eA0=" Size="28996"/><Block Hash="yNFJqSYWK2ZZW8qFUrHvPbhCHO4f+eOsG1KL5REIekM=" Size="27121"/><Block Hash="Yx2qCLL3NKPcvtRkti+jNb4pfKjldSJI1IzkoflEWo8=" Size="15450"/><Block Hash="VEQrobNzjYN8YDU4RbgHnMesfYS/cr4yez/qbpAHGg4=" Size="33830"/><Block Hash="X2QagaiMnr/gvJdi0RG99yOGGN0/Ojt5DrjE+vituUQ=" Size="27366"/><Block Hash="tV6b9/9mdASHTTZYYCA9ruUqq/Kwgsk0sdZEuiuSsho=" Size="28876"/><Block Hash="ZwKcnjdRzf5CTu8dj+b5UWuBctvGEkYr3FlwDxUTASU=" Size="11906"/><Block Hash="L9oC60ODraLnLwBv88gQznPu3KLeebDaqmgpxCunYpU=" Size="11453"/><Block Hash="zl9Bs3WjNSQQP+cnY1l0IpFvQNgD9L6tI6fon9R3rr4=" Size="9205"/><Block Hash="Hq5e1ar+TOB84DQCuGgEyI+2PSnmqTTjM1gUUSH6J3E=" Size="4699"/><Block Hash="d90ryXEHiE2nrDwBSDTVJqDedMswpF70Cm1cEyHpU+0=" Size="9199"/><Block Hash="OH30BviPowXM3FuiqjJieN0HvAEUwOixSCt4Mslf4fU=" Size="7463"/><Block Hash="vM7i8Qy1XmSY51voxrn7KIMJmhX2B8wiq/nDDEiDgKc=" Size="11329"/><Block Hash="GF5TjatfJ1Ne61h5utA8k9nL6b3v7IXFBvXfTTGX16s=" Size="16096"/><Block Hash="LfEClPn+xyREdbmMdE3/zX9Gwr4cobs4yEkhrHoz7CQ=" Size="12153"/><b4:FileHash Hash="JdxSc5/fHeriw1z5spyTG/mBjGwPVi95+w8kA1NDx+w="/></File><File Name="resources.pri" Size="5000" LfhSize="43"><Block Hash="gNMIxzrajVQ6wMnYCQoXCE5ZgU47oWF4WkAv0jP1LzA=" Size="1163"/></File><File Name="nvImage.dll" Size="1020728" LfhSize="41"><Block Hash="Fwmec+SsfybshdxgUx2rWWSxzx1w1hxUfOCFjXFDasM=" Size="14794"/><Block Hash="qrO6umOBKQkKjbRqGrAeiPPyQNdCe9ZRSz9Js10wy9U=" Size="1158"/><Block Hash="Y+c7WwNptMXDwa8WYw1neSMQBKdwyA17g5ZHbn5Adm0=" Size="10153"/><Block Hash="OC5p4+deLSqOm8cymVmSR2E/uKkkLvMG9vUWDWS1eYI=" Size="27171"/><Block Hash="yi32dOgHqqRVzqtymvnZ+S2dlr1IkQK1akkKi6mJp9Q=" Size="25389"/><Block Hash="rZyhtE0IQP6khh3h1zuzGjEZr6YLXYyTz6px0QjC+JE=" Size="19993"/><Block Hash="ofJ+UxkRH6myczWBvpiK/idjmIklbX6+xUERtcaV+To=" Size="26683"/><Block Hash="Pg+fUbisuZ4Q+8fPOIsSj1ktC9NarzZ+RLbk4M5jnnw=" Size="22240"/><Block Hash="Tj7xh/O58CLllbwmla8uuQegHP/R1OUZXNxm2wOa3Mg=" Size="14663"/><Block Hash="U3MwZf02laQyeeDX9ZdUPEhbSoOdqbJHvp4tha2kK7U=" Size="26923"/><Block Hash="/lAJFzF4/nnPzTplefyIYa7MGSI5hNOsVFv5kJoe9zQ=" Size="29006"/><Block Hash="kAkcAz8U1t+P7FTInTNgB/FsNVWwFsHmnQqSBGAdr4Y=" Size="27396"/><Block Hash="h/qNiD3O5X/iYvOK0+7qBn0qEXohqisyu2D4BOi00m8=" Size="17917"/><Block Hash="dHwC4Tpy4jtN29tAH793Fb/pImfSgnvE3BYak2ZvZ8A=" Size="30078"/><Block Hash="hC4elBPbUozKb5JppLIMHRatRcAbJpVGUcAZ46w7aFY=" Size="16144"/><Block Hash="CxX8YTkbZUQQPI35FH/UsdXOUsSONufZs4TqGOqQlt8=" Size="23078"/><b4:FileHash Hash="d0zD2xHUWtVGk4P5UcW3gDCaOaB+dxtdthyM+EpjZTY="/></File><File Name="AppxManifest.xml" Size="2999" LfhSize="46"><Block Hash="ZG5Pskh1qwCLEvm2Ys+5VRZ1wcC34qroXS0f7fPELwM=" Size="964"/></File></BlockMap>